1/8/2010,60.6,3.3,24.3,17,4303
2/8/2010,60.6,3.3,24.3,17,6642
3/8/2010,60.6,3.3,24.3,17,7966
4/8/2010,60.6,3.3,24.3,17,7893
5/8/2010,60.6,3.3,24.3,17,8724
6/8/2010,60.6,3.3,24.3,17,9797
7/8/2010,60.6,3.3,24.3,17,6631
8/8/2010,60.6,3.3,24.3,17,7864
9/8/2010,60.6,3.3,24.3,17,6191
10/8/2010,60.6,3.3,24.3,17,4802
11/8/2010,60.6,3.3,24.3,17,14013
12/8/2010,60.6,3.3,24.3,17,13080
13/08/2010,60.6,3.3,24.3,17,12151
14/08/2010,60.6,3.3,24.3,17,9195
15/08/2010,60.6,3.3,24.3,17,10928
16/08/2010,60.6,3.3,24.3,17,15384
17/08/2010,60.6,3.3,24.3,17,15396
18/08/2010,60.6,3.3,24.3,17,16062
19/08/2010,60.6,3.3,24.3,17,17170
20/08/2010,60.6,3.3,24.3,17,16462
21/08/2010,60.6,3.3,24.3,17,11719
22/08/2010,60.6,3.3,24.3,17,10129
23/08/2010,60.6,3.3,24.3,17,12935
24/08/2010,60.6,3.3,24.3,17,17006
25/08/2010,60.6,3.3,24.3,17,10062
26/08/2010,60.6,3.3,24.3,17,9875
27/08/2010,60.6,3.3,24.3,17,12854
28/08/2010,60.6,3.3,24.3,17,10116
29/08/2010,60.6,3.3,24.3,17,7811
30/08/2010,60.6,3.3,24.3,17,10534
31/08/2010,60.6,3.3,24.3,17,17508
1/9/2010,78.1,3.6,20.3,15,19332
2/9/2010,78.1,3.6,20.3,15,20909
3/9/2010,78.1,3.6,20.3,15,20113
4/9/2010,78.1,3.6,20.3,15,14373
5/9/2010,78.1,3.6,20.3,15,12924
6/9/2010,78.1,3.6,20.3,15,16841
7/9/2010,78.1,3.6,20.3,15,25361
8/9/2010,78.1,3.6,20.3,15,18727
9/9/2010,78.1,3.6,20.3,15,20774
10/9/2010,78.1,3.6,20.3,15,19532
11/9/2010,78.1,3.6,20.3,15,13383
12/9/2010,78.1,3.6,20.3,15,14002
13/09/2010,78.1,3.6,20.3,15,18037
14/09/2010,78.1,3.6,20.3,15,17026
15/09/2010,78.1,3.6,20.3,15,20890
16/09/2010,78.1,3.6,20.3,15,20433
17/09/2010,78.1,3.6,20.3,15,20488
18/09/2010,78.1,3.6,20.3,15,15495
19/09/2010,78.1,3.6,20.3,15,11492
20/09/2010,78.1,3.6,20.3,15,20169
21/09/2010,78.1,3.6,20.3,15,22906
22/09/2010,78.1,3.6,20.3,15,23905
23/09/2010,78.1,3.6,20.3,15,17729
24/09/2010,78.1,3.6,20.3,15,18053
25/09/2010,78.1,3.6,20.3,15,14010
26/09/2010,78.1,3.6,20.3,15,7890
27/09/2010,78.1,3.6,20.3,15,18789
28/09/2010,78.1,3.6,20.3,15,21554
29/09/2010,78.1,3.6,20.3,15,13899
30/09/2010,78.1,3.6,20.3,15,21823
1/10/2010,82,3.5,19.2,15,11424
2/10/2010,82,3.5,19.2,15,10704
3/10/2010,82,3.5,19.2,15,8237
4/10/2010,82,3.5,19.2,15,23688
5/10/2010,82,3.5,19.2,15,22054
6/10/2010,82,3.5,19.2,15,20114
7/10/2010,82,3.5,19.2,15,24072
8/10/2010,82,3.5,19.2,15,22886
9/10/2010,82,3.5,19.2,15,14463
10/10/2010,82,3.5,19.2,15,14871
11/10/2010,82,3.5,19.2,15,21986
12/10/2010,82,3.5,19.2,15,23016
13/10/2010,82,3.5,19.2,15,22251
14/10/2010,82,3.5,19.2,15,21582
15/10/2010,82,3.5,19.2,15,20934
16/10/2010,82,3.5,19.2,15,12735
17/10/2010,82,3.5,19.2,15,12764
18/10/2010,82,3.5,19.2,15,20464
19/10/2010,82,3.5,19.2,15,17964
20/10/2010,82,3.5,19.2,15,20750
21/10/2010,82,3.5,19.2,15,21161
22/10/2010,82,3.5,19.2,15,20164
23/10/2010,82,3.5,19.2,15,11584
24/10/2010,82,3.5,19.2,15,11259
25/10/2010,82,3.5,19.2,15,18430
26/10/2010,82,3.5,19.2,15,13950
27/10/2010,82,3.5,19.2,15,19559
28/10/2010,82,3.5,19.2,15,19995
29/10/2010,82,3.5,19.2,15,19119
30/10/2010,82,3.5,19.2,15,13493
31/10/2010,82,3.5,19.2,15,8739
1/11/2010,116.6,4.2,15.4,14,19785
2/11/2010,116.6,4.2,15.4,14,21754
3/11/2010,116.6,4.2,15.4,14,27964
4/11/2010,116.6,4.2,15.4,14,22424
5/11/2010,116.6,4.2,15.4,14,15815
6/11/2010,116.6,4.2,15.4,14,11877
7/11/2010,116.6,4.2,15.4,14,9331
8/11/2010,116.6,4.2,15.4,14,11328
9/11/2010,116.6,4.2,15.4,14,16026
10/11/2010,116.6,4.2,15.4,14,19767
11/11/2010,116.6,4.2,15.4,14,12901
12/11/2010,116.6,4.2,15.4,14,14534
13/11/2010,116.6,4.2,15.4,14,12123
14/11/2010,116.6,4.2,15.4,14,6235
15/11/2010,116.6,4.2,15.4,14,18086
16/11/2010,116.6,4.2,15.4,14,18764
17/11/2010,116.6,4.2,15.4,14,17005
18/11/2010,116.6,4.2,15.4,14,15974
19/11/2010,116.6,4.2,15.4,14,18545
20/11/2010,116.6,4.2,15.4,14,10806
21/11/2010,116.6,4.2,15.4,14,8356
22/11/2010,116.6,4.2,15.4,14,17258
23/11/2010,116.6,4.2,15.4,14,17427
24/11/2010,116.6,4.2,15.4,14,18628
25/11/2010,116.6,4.2,15.4,14,16822
26/11/2010,116.6,4.2,15.4,14,16092
27/11/2010,116.6,4.2,15.4,14,7867
28/11/2010,116.6,4.2,15.4,14,6866
29/11/2010,116.6,4.2,15.4,14,16681
30/11/2010,116.6,4.2,15.4,14,9263
1/12/2010,111.2,3.9,10.7,17,9848
2/12/2010,111.2,3.9,10.7,17,7356
3/12/2010,111.2,3.9,10.7,17,8264
4/12/2010,111.2,3.9,10.7,17,7857
5/12/2010,111.2,3.9,10.7,17,8321
6/12/2010,111.2,3.9,10.7,17,13855
7/12/2010,111.2,3.9,10.7,17,15033
8/12/2010,111.2,3.9,10.7,17,15225
9/12/2010,111.2,3.9,10.7,17,16171
10/12/2010,111.2,3.9,10.7,17,15602
11/12/2010,111.2,3.9,10.7,17,10328
12/12/2010,111.2,3.9,10.7,17,8585
13/12/2010,111.2,3.9,10.7,17,14997
14/12/2010,111.2,3.9,10.7,17,15550
15/12/2010,111.2,3.9,10.7,17,13412
16/12/2010,111.2,3.9,10.7,17,10833
17/12/2010,111.2,3.9,10.7,17,10366
18/12/2010,111.2,3.9,10.7,17,2805
19/12/2010,111.2,3.9,10.7,17,2764
20/12/2010,111.2,3.9,10.7,17,6876
21/12/2010,111.2,3.9,10.7,17,7879
22/12/2010,111.2,3.9,10.7,17,9718
23/12/2010,111.2,3.9,10.7,17,8867
24/12/2010,111.2,3.9,10.7,17,5402
25/12/2010,111.2,3.9,10.7,17,5621
26/12/2010,111.2,3.9,10.7,17,4383
27/12/2010,111.2,3.9,10.7,17,3971
28/12/2010,111.2,3.9,10.7,17,3763
29/12/2010,111.2,3.9,10.7,17,7010
30/12/2010,111.2,3.9,10.7,17,7464
31/12/2010,111.2,3.9,10.7,17,7448
1/1/2011,78.1,3.4,21.5,16,4555
2/1/2011,78.1,3.4,21.5,16,6250
3/1/2011,78.1,3.4,21.5,16,7262
4/1/2011,78.1,3.4,21.5,16,13430
5/1/2011,78.1,3.4,21.5,16,13757
6/1/2011,78.1,3.4,21.5,16,9595
7/1/2011,78.1,3.4,21.5,16,9294
8/1/2011,78.1,3.4,21.5,16,9338
9/1/2011,78.1,3.4,21.5,16,10558
10/1/2011,78.1,3.4,21.5,16,16058
11/1/2011,78.1,3.4,21.5,16,16412
12/1/2011,78.1,3.4,21.5,16,13894
13/01/2011,78.1,3.4,21.5,16,15911
14/01/2011,78.1,3.4,21.5,16,14834
15/01/2011,78.1,3.4,21.5,16,11851
16/01/2011,78.1,3.4,21.5,16,10471
17/01/2011,78.1,3.4,21.5,16,10835
18/01/2011,78.1,3.4,21.5,16,17703
19/01/2011,78.1,3.4,21.5,16,18350
20/01/2011,78.1,3.4,21.5,16,17957
21/01/2011,78.1,3.4,21.5,16,16509
22/01/2011,78.1,3.4,21.5,16,10658
23/01/2011,78.1,3.4,21.5,16,9911
24/01/2011,78.1,3.4,21.5,16,17193
25/01/2011,78.1,3.4,21.5,16,17045
26/01/2011,78.1,3.4,21.5,16,16396
27/01/2011,78.1,3.4,21.5,16,16519
28/01/2011,78.1,3.4,21.5,16,15538
29/01/2011,78.1,3.4,21.5,16,9379
30/01/2011,78.1,3.4,21.5,16,9455
31/01/2011,78.1,3.4,21.5,16,16260
1/2/2011,81.1,2.9,23.5,17,16331
2/2/2011,81.1,2.9,23.5,17,18102
3/2/2011,81.1,2.9,23.5,17,15593
4/2/2011,81.1,2.9,23.5,17,14938
5/2/2011,81.1,2.9,23.5,17,8442
6/2/2011,81.1,2.9,23.5,17,9437
7/2/2011,81.1,2.9,23.5,17,16537
8/2/2011,81.1,2.9,23.5,17,19829
9/2/2011,81.1,2.9,23.5,17,18197
10/2/2011,81.1,2.9,23.5,17,11496
11/2/2011,81.1,2.9,23.5,17,16070
12/2/2011,81.1,2.9,23.5,17,12855
13/02/2011,81.1,2.9,23.5,17,7034
14/02/2011,81.1,2.9,23.5,17,17836
15/02/2011,81.1,2.9,23.5,17,15667
16/02/2011,81.1,2.9,23.5,17,18989
17/02/2011,81.1,2.9,23.5,17,18938
18/02/2011,81.1,2.9,23.5,17,17460
19/02/2011,81.1,2.9,23.5,17,6250
20/02/2011,81.1,2.9,23.5,17,7882
21/02/2011,81.1,2.9,23.5,17,13720
22/02/2011,81.1,2.9,23.5,17,15948
23/02/2011,81.1,2.9,23.5,17,12936
24/02/2011,81.1,2.9,23.5,17,19230
25/02/2011,81.1,2.9,23.5,17,18634
26/02/2011,81.1,2.9,23.5,17,7749
27/02/2011,81.1,2.9,23.5,17,8349
28/02/2011,81.1,2.9,23.5,17,13843
1/3/2011,94.7,3.8,23,20,15774
2/3/2011,94.7,3.8,23,20,16929
3/3/2011,94.7,3.8,23,20,16576
4/3/2011,94.7,3.8,23,20,16971
5/3/2011,94.7,3.8,23,20,9847
6/3/2011,94.7,3.8,23,20,7142
7/3/2011,94.7,3.8,23,20,16192
8/3/2011,94.7,3.8,23,20,17240
9/3/2011,94.7,3.8,23,20,18494
10/3/2011,94.7,3.8,23,20,18794
11/3/2011,94.7,3.8,23,20,19074
12/3/2011,94.7,3.8,23,20,15488
13/03/2011,94.7,3.8,23,20,10526
14/03/2011,94.7,3.8,23,20,19451
15/03/2011,94.7,3.8,23,20,19568
16/03/2011,94.7,3.8,23,20,19643
17/03/2011,94.7,3.8,23,20,20036
18/03/2011,94.7,3.8,23,20,14612
19/03/2011,94.7,3.8,23,20,17801
20/03/2011,94.7,3.8,23,20,14694
21/03/2011,94.7,3.8,23,20,20710
22/03/2011,94.7,3.8,23,20,21792
23/03/2011,94.7,3.8,23,20,23837
24/03/2011,94.7,3.8,23,20,23518
25/03/2011,94.7,3.8,23,20,24343
26/03/2011,94.7,3.8,23,20,16095
27/03/2011,94.7,3.8,23,20,17550
28/03/2011,94.7,3.8,23,20,21602
29/03/2011,94.7,3.8,23,20,22080
30/03/2011,94.7,3.8,23,20,18945
31/03/2011,94.7,3.8,23,20,20831
1/4/2011,64.4,3.1,38.7,27,22048
2/4/2011,64.4,3.1,38.7,27,19829
3/4/2011,64.4,3.1,38.7,27,17294
4/4/2011,64.4,3.1,38.7,27,20949
5/4/2011,64.4,3.1,38.7,27,16690
6/4/2011,64.4,3.1,38.7,27,25597
7/4/2011,64.4,3.1,38.7,27,25451
8/4/2011,64.4,3.1,38.7,27,26622
9/4/2011,64.4,3.1,38.7,27,22323
10/4/2011,64.4,3.1,38.7,27,21346
11/4/2011,64.4,3.1,38.7,27,22204
12/4/2011,64.4,3.1,38.7,27,23651
13/04/2011,64.4,3.1,38.7,27,18909
14/04/2011,64.4,3.1,38.7,27,22346
15/04/2011,64.4,3.1,38.7,27,22974
16/04/2011,64.4,3.1,38.7,27,19632
17/04/2011,64.4,3.1,38.7,27,22009
18/04/2011,64.4,3.1,38.7,27,24032
19/04/2011,64.4,3.1,38.7,27,27914
20/04/2011,64.4,3.1,38.7,27,27934
21/04/2011,64.4,3.1,38.7,27,26547
22/04/2011,64.4,3.1,38.7,27,23719
23/04/2011,64.4,3.1,38.7,27,19182
24/04/2011,64.4,3.1,38.7,27,21313
25/04/2011,64.4,3.1,38.7,27,21669
26/04/2011,64.4,3.1,38.7,27,22038
27/04/2011,64.4,3.1,38.7,27,24349
28/04/2011,64.4,3.1,38.7,27,23794
29/04/2011,64.4,3.1,38.7,27,19700
30/04/2011,64.4,3.1,38.7,27,21574
1/5/2011,50.2,2.4,42.4,15,19489
2/5/2011,50.2,2.4,42.4,15,18126
3/5/2011,50.2,2.4,42.4,15,23786
4/5/2011,50.2,2.4,42.4,15,26183
5/5/2011,50.2,2.4,42.4,15,23620
6/5/2011,50.2,2.4,42.4,15,28971
7/5/2011,50.2,2.4,42.4,15,22274
8/5/2011,50.2,2.4,42.4,15,21011
9/5/2011,50.2,2.4,42.4,15,27172
10/5/2011,50.2,2.4,42.4,15,29417
11/5/2011,50.2,2.4,42.4,15,27205
12/5/2011,50.2,2.4,42.4,15,23461
13/05/2011,50.2,2.4,42.4,15,23991
14/05/2011,50.2,2.4,42.4,15,21100
15/05/2011,50.2,2.4,42.4,15,19097
16/05/2011,50.2,2.4,42.4,15,24620
17/05/2011,50.2,2.4,42.4,15,25464
18/05/2011,50.2,2.4,42.4,15,23068
19/05/2011,50.2,2.4,42.4,15,27534
20/05/2011,50.2,2.4,42.4,15,27523
21/05/2011,50.2,2.4,42.4,15,24408
22/05/2011,50.2,2.4,42.4,15,19348
23/05/2011,50.2,2.4,42.4,15,24268
24/05/2011,50.2,2.4,42.4,15,27768
25/05/2011,50.2,2.4,42.4,15,28708
26/05/2011,50.2,2.4,42.4,15,18055
27/05/2011,50.2,2.4,42.4,15,22907
28/05/2011,50.2,2.4,42.4,15,15693
29/05/2011,50.2,2.4,42.4,15,18396
30/05/2011,50.2,2.4,42.4,15,16097
31/05/2011,50.2,2.4,42.4,15,23312
1/6/2011,46.4,2.3,30.3,16,26054
2/6/2011,46.4,2.3,30.3,16,26920
3/6/2011,46.4,2.3,30.3,16,26641
4/6/2011,46.4,2.3,30.3,16,15233
5/6/2011,46.4,2.3,30.3,16,8420
6/6/2011,46.4,2.3,30.3,16,13812
7/6/2011,46.4,2.3,30.3,16,22378
8/6/2011,46.4,2.3,30.3,16,23013
9/6/2011,46.4,2.3,30.3,16,25061
10/6/2011,46.4,2.3,30.3,16,20141
11/6/2011,46.4,2.3,30.3,16,21059
12/6/2011,46.4,2.3,30.3,16,6061
13/06/2011,46.4,2.3,30.3,16,23978
14/06/2011,46.4,2.3,30.3,16,28889
15/06/2011,46.4,2.3,30.3,16,25643
16/06/2011,46.4,2.3,30.3,16,17566
17/06/2011,46.4,2.3,30.3,16,15723
18/06/2011,46.4,2.3,30.3,16,13721
19/06/2011,46.4,2.3,30.3,16,17092
20/06/2011,46.4,2.3,30.3,16,20101
21/06/2011,46.4,2.3,30.3,16,26780
22/06/2011,46.4,2.3,30.3,16,22745
23/06/2011,46.4,2.3,30.3,16,24559
24/06/2011,46.4,2.3,30.3,16,22137
25/06/2011,46.4,2.3,30.3,16,17944
26/06/2011,46.4,2.3,30.3,16,23483
27/06/2011,46.4,2.3,30.3,16,26243
28/06/2011,46.4,2.3,30.3,16,21950
29/06/2011,46.4,2.3,30.3,16,28073
30/06/2011,46.4,2.3,30.3,16,27297
1/7/2011,60.8,2.6,32.8,16,27758
2/7/2011,60.8,2.6,32.8,16,22764
3/7/2011,60.8,2.6,32.8,16,21423
4/7/2011,60.8,2.6,32.8,16,27332
5/7/2011,60.8,2.6,32.8,16,24802
6/7/2011,60.8,2.6,32.8,16,26207
7/7/2011,60.8,2.6,32.8,16,20483
8/7/2011,60.8,2.6,32.8,16,19485
9/7/2011,60.8,2.6,32.8,16,21360
10/7/2011,60.8,2.6,32.8,16,20203
11/7/2011,60.8,2.6,32.8,16,26355
12/7/2011,60.8,2.6,32.8,16,26633
13/07/2011,60.8,2.6,32.8,16,25417
14/07/2011,60.8,2.6,32.8,16,26479
15/07/2011,60.8,2.6,32.8,16,27114
16/07/2011,60.8,2.6,32.8,16,10224
17/07/2011,60.8,2.6,32.8,16,10965
18/07/2011,60.8,2.6,32.8,16,18541
19/07/2011,60.8,2.6,32.8,16,21218
20/07/2011,60.8,2.6,32.8,16,21580
21/07/2011,60.8,2.6,32.8,16,20951
22/07/2011,60.8,2.6,32.8,16,25172
23/07/2011,60.8,2.6,32.8,16,20264
24/07/2011,60.8,2.6,32.8,16,22464
25/07/2011,60.8,2.6,32.8,16,25185
26/07/2011,60.8,2.6,32.8,16,25636
27/07/2011,60.8,2.6,32.8,16,24989
28/07/2011,60.8,2.6,32.8,16,26759
29/07/2011,60.8,2.6,32.8,16,25373
30/07/2011,60.8,2.6,32.8,16,23930
31/07/2011,60.8,2.6,32.8,16,21388
1/8/2011,72.3,2.9,23.2,18,22940
2/8/2011,72.3,2.9,23.2,18,24290
3/8/2011,72.3,2.9,23.2,18,26120
4/8/2011,72.3,2.9,23.2,18,15149
5/8/2011,72.3,2.9,23.2,18,26792
6/8/2011,72.3,2.9,23.2,18,20485
7/8/2011,72.3,2.9,23.2,18,14912
8/8/2011,72.3,2.9,23.2,18,23489
9/8/2011,72.3,2.9,23.2,18,23011
10/8/2011,72.3,2.9,23.2,18,24182
11/8/2011,72.3,2.9,23.2,18,20573
12/8/2011,72.3,2.9,23.2,18,22971
13/08/2011,72.3,2.9,23.2,18,20731
14/08/2011,72.3,2.9,23.2,18,21115
15/08/2011,72.3,2.9,23.2,18,23657
16/08/2011,72.3,2.9,23.2,18,24899
17/08/2011,72.3,2.9,23.2,18,23010
18/08/2011,72.3,2.9,23.2,18,16139
19/08/2011,72.3,2.9,23.2,18,25444
20/08/2011,72.3,2.9,23.2,18,17334
21/08/2011,72.3,2.9,23.2,18,21836
22/08/2011,72.3,2.9,23.2,18,25222
23/08/2011,72.3,2.9,23.2,18,10953
24/08/2011,72.3,2.9,23.2,18,22883
25/08/2011,72.3,2.9,23.2,18,20026
26/08/2011,72.3,2.9,23.2,18,12368
27/08/2011,72.3,2.9,23.2,18,14045
28/08/2011,72.3,2.9,23.2,18,15908
29/08/2011,72.3,2.9,23.2,18,17443
30/08/2011,72.3,2.9,23.2,18,21477
31/08/2011,72.3,2.9,23.2,18,23036
1/9/2011,87.6,2.1,24.1,17,25110
2/9/2011,87.6,2.1,24.1,17,25981
3/9/2011,87.6,2.1,24.1,17,24578
4/9/2011,87.6,2.1,24.1,17,14967
5/9/2011,87.6,2.1,24.1,17,21776
6/9/2011,87.6,2.1,24.1,17,13863
7/9/2011,87.6,2.1,24.1,17,22746
8/9/2011,87.6,2.1,24.1,17,23679
9/9/2011,87.6,2.1,24.1,17,23957
10/9/2011,87.6,2.1,24.1,17,20069
11/9/2011,87.6,2.1,24.1,17,17719
12/9/2011,87.6,2.1,24.1,17,21572
13/09/2011,87.6,2.1,24.1,17,23962
14/09/2011,87.6,2.1,24.1,17,25824
15/09/2011,87.6,2.1,24.1,17,25803
16/09/2011,87.6,2.1,24.1,17,25567
17/09/2011,87.6,2.1,24.1,17,15147
18/09/2011,87.6,2.1,24.1,17,17327
19/09/2011,87.6,2.1,24.1,17,23708
20/09/2011,87.6,2.1,24.1,17,23676
21/09/2011,87.6,2.1,24.1,17,22730
22/09/2011,87.6,2.1,24.1,17,24601
23/09/2011,87.6,2.1,24.1,17,25114
24/09/2011,87.6,2.1,24.1,17,22113
25/09/2011,87.6,2.1,24.1,17,21211
26/09/2011,87.6,2.1,24.1,17,20527
27/09/2011,87.6,2.1,24.1,17,24841
28/09/2011,87.6,2.1,24.1,17,28434
29/09/2011,87.6,2.1,24.1,17,29039
30/09/2011,87.6,2.1,24.1,17,29139
1/10/2011,92.1,2.8,22.6,17,27129
2/10/2011,92.1,2.8,22.6,17,26906
3/10/2011,92.1,2.8,22.6,17,27559
4/10/2011,92.1,2.8,22.6,17,26131
5/10/2011,92.1,2.8,22.6,17,26263
6/10/2011,92.1,2.8,22.6,17,25083
7/10/2011,92.1,2.8,22.6,17,24529
8/10/2011,92.1,2.8,22.6,17,18154
9/10/2011,92.1,2.8,22.6,17,17643
10/10/2011,92.1,2.8,22.6,17,24198
11/10/2011,92.1,2.8,22.6,17,26184
12/10/2011,92.1,2.8,22.6,17,26323
13/10/2011,92.1,2.8,22.6,17,25149
14/10/2011,92.1,2.8,22.6,17,26542
15/10/2011,92.1,2.8,22.6,17,23663
16/10/2011,92.1,2.8,22.6,17,18530
17/10/2011,92.1,2.8,22.6,17,23892
18/10/2011,92.1,2.8,22.6,17,23791
19/10/2011,92.1,2.8,22.6,17,23259
20/10/2011,92.1,2.8,22.6,17,23157
21/10/2011,92.1,2.8,22.6,17,23253
22/10/2011,92.1,2.8,22.6,17,20482
23/10/2011,92.1,2.8,22.6,17,18560
24/10/2011,92.1,2.8,22.6,17,22842
25/10/2011,92.1,2.8,22.6,17,22771
26/10/2011,92.1,2.8,22.6,17,17621
27/10/2011,92.1,2.8,22.6,17,19360
28/10/2011,92.1,2.8,22.6,17,23158
29/10/2011,92.1,2.8,22.6,17,18228
30/10/2011,92.1,2.8,22.6,17,15443
31/10/2011,92.1,2.8,22.6,17,22999
1/11/2011,122.8,3.4,10.9,16,22747
2/11/2011,122.8,3.4,10.9,16,23724
3/11/2011,122.8,3.4,10.9,16,18676
4/11/2011,122.8,3.4,10.9,16,18774
5/11/2011,122.8,3.4,10.9,16,16434
6/11/2011,122.8,3.4,10.9,16,14317
7/11/2011,122.8,3.4,10.9,16,20365
8/11/2011,122.8,3.4,10.9,16,19231
9/11/2011,122.8,3.4,10.9,16,22542
10/11/2011,122.8,3.4,10.9,16,23475
11/11/2011,122.8,3.4,10.9,16,21140
12/11/2011,122.8,3.4,10.9,16,18933
13/11/2011,122.8,3.4,10.9,16,17744
14/11/2011,122.8,3.4,10.9,16,19913
15/11/2011,122.8,3.4,10.9,16,22245
16/11/2011,122.8,3.4,10.9,16,21639
17/11/2011,122.8,3.4,10.9,16,22802
18/11/2011,122.8,3.4,10.9,16,22461
19/11/2011,122.8,3.4,10.9,16,18706
20/11/2011,122.8,3.4,10.9,16,14829
21/11/2011,122.8,3.4,10.9,16,20824
22/11/2011,122.8,3.4,10.9,16,20341
23/11/2011,122.8,3.4,10.9,16,21855
24/11/2011,122.8,3.4,10.9,16,21870
25/11/2011,122.8,3.4,10.9,16,21598
26/11/2011,122.8,3.4,10.9,16,15803
27/11/2011,122.8,3.4,10.9,16,14362
28/11/2011,122.8,3.4,10.9,16,20167
29/11/2011,122.8,3.4,10.9,16,18718
30/11/2011,122.8,3.4,10.9,16,20956
1/12/2011,79.4,2.9,25.9,19,16481
2/12/2011,79.4,2.9,25.9,19,19146
3/12/2011,79.4,2.9,25.9,19,13776
4/12/2011,79.4,2.9,25.9,19,10276
5/12/2011,79.4,2.9,25.9,19,18176
6/12/2011,79.4,2.9,25.9,19,18943
7/12/2011,79.4,2.9,25.9,19,19279
8/12/2011,79.4,2.9,25.9,19,17313
9/12/2011,79.4,2.9,25.9,19,18421
10/12/2011,79.4,2.9,25.9,19,11864
11/12/2011,79.4,2.9,25.9,19,8368
12/12/2011,79.4,2.9,25.9,19,16554
13/12/2011,79.4,2.9,25.9,19,17111
14/12/2011,79.4,2.9,25.9,19,17543
15/12/2011,79.4,2.9,25.9,19,17081
16/12/2011,79.4,2.9,25.9,19,11778
17/12/2011,79.4,2.9,25.9,19,8925
18/12/2011,79.4,2.9,25.9,19,7485
19/12/2011,79.4,2.9,25.9,19,11270
20/12/2011,79.4,2.9,25.9,19,15685
21/12/2011,79.4,2.9,25.9,19,14158
22/12/2011,79.4,2.9,25.9,19,15099
23/12/2011,79.4,2.9,25.9,19,9131
24/12/2011,79.4,2.9,25.9,19,4890
25/12/2011,79.4,2.9,25.9,19,17998
26/12/2011,79.4,2.9,25.9,19,10953
27/12/2011,79.4,2.9,25.9,19,8076
28/12/2011,79.4,2.9,25.9,19,9888
29/12/2011,79.4,2.9,25.9,19,8368
30/12/2011,79.4,2.9,25.9,19,6900
31/12/2011,79.4,2.9,25.9,19,7793
1/1/2012,103.9,3,20.6,17,5171
2/1/2012,103.9,3,20.6,17,9091
3/1/2012,103.9,3,20.6,17,10094
4/1/2012,103.9,3,20.6,17,13936
5/1/2012,103.9,3,20.6,17,14191
6/1/2012,103.9,3,20.6,17,17713
7/1/2012,103.9,3,20.6,17,12556
8/1/2012,103.9,3,20.6,17,10487
9/1/2012,103.9,3,20.6,17,19472
10/1/2012,103.9,3,20.6,17,20548
11/1/2012,103.9,3,20.6,17,20958
12/1/2012,103.9,3,20.6,17,20879
13/01/2012,103.9,3,20.6,17,19691
14/01/2012,103.9,3,20.6,17,13843
15/01/2012,103.9,3,20.6,17,12149
16/01/2012,103.9,3,20.6,17,19136
17/01/2012,103.9,3,20.6,17,20170
18/01/2012,103.9,3,20.6,17,17972
19/01/2012,103.9,3,20.6,17,15441
20/01/2012,103.9,3,20.6,17,18703
21/01/2012,103.9,3,20.6,17,13339
22/01/2012,103.9,3,20.6,17,12845
23/01/2012,103.9,3,20.6,17,20193
24/01/2012,103.9,3,20.6,17,13269
25/01/2012,103.9,3,20.6,17,20836
26/01/2012,103.9,3,20.6,17,19515
27/01/2012,103.9,3,20.6,17,20775
28/01/2012,103.9,3,20.6,17,13272
29/01/2012,103.9,3,20.6,17,10949
30/01/2012,103.9,3,20.6,17,18955
31/01/2012,103.9,3,20.6,17,18176
1/2/2012,109.8,3.5,19.8,17,18208
2/2/2012,109.8,3.5,19.8,17,16916
3/2/2012,109.8,3.5,19.8,17,16185
4/2/2012,109.8,3.5,19.8,17,8348
5/2/2012,109.8,3.5,19.8,17,3531
6/2/2012,109.8,3.5,19.8,17,15202
7/2/2012,109.8,3.5,19.8,17,17722
8/2/2012,109.8,3.5,19.8,17,16442
9/2/2012,109.8,3.5,19.8,17,16363
10/2/2012,109.8,3.5,19.8,17,15117
11/2/2012,109.8,3.5,19.8,17,9912
12/2/2012,109.8,3.5,19.8,17,8020
13/02/2012,109.8,3.5,19.8,17,13172
14/02/2012,109.8,3.5,19.8,17,17946
15/02/2012,109.8,3.5,19.8,17,19396
16/02/2012,109.8,3.5,19.8,17,19505
17/02/2012,109.8,3.5,19.8,17,19444
18/02/2012,109.8,3.5,19.8,17,9463
19/02/2012,109.8,3.5,19.8,17,12655
20/02/2012,109.8,3.5,19.8,17,18802
21/02/2012,109.8,3.5,19.8,17,20861
22/02/2012,109.8,3.5,19.8,17,18112
23/02/2012,109.8,3.5,19.8,17,23391
24/02/2012,109.8,3.5,19.8,17,22067
25/02/2012,109.8,3.5,19.8,17,19349
26/02/2012,109.8,3.5,19.8,17,17646
27/02/2012,109.8,3.5,19.8,17,20936
28/02/2012,109.8,3.5,19.8,17,23423
29/02/2012,109.8,3.5,19.8,17,23692
1/3/2012,110.6,3.7,21,21,25116
2/3/2012,110.6,3.7,21,21,21928
3/3/2012,110.6,3.7,21,21,17697
4/3/2012,110.6,3.7,21,21,5062
5/3/2012,110.6,3.7,21,21,19342
6/3/2012,110.6,3.7,21,21,21102
7/3/2012,110.6,3.7,21,21,17096
8/3/2012,110.6,3.7,21,21,24123
9/3/2012,110.6,3.7,21,21,23609
10/3/2012,110.6,3.7,21,21,24721
11/3/2012,110.6,3.7,21,21,27758
12/3/2012,110.6,3.7,21,21,28856
13/03/2012,110.6,3.7,21,21,27528
14/03/2012,110.6,3.7,21,21,28296
15/03/2012,110.6,3.7,21,21,29969
16/03/2012,110.6,3.7,21,21,26452
17/03/2012,110.6,3.7,21,21,13391
18/03/2012,110.6,3.7,21,21,19184
19/03/2012,110.6,3.7,21,21,28391
20/03/2012,110.6,3.7,21,21,30817
21/03/2012,110.6,3.7,21,21,31175
22/03/2012,110.6,3.7,21,21,31135
23/03/2012,110.6,3.7,21,21,33635
24/03/2012,110.6,3.7,21,21,35091
25/03/2012,110.6,3.7,21,21,28607
26/03/2012,110.6,3.7,21,21,32368
27/03/2012,110.6,3.7,21,21,34563
28/03/2012,110.6,3.7,21,21,36539
29/03/2012,110.6,3.7,21,21,35954
30/03/2012,110.6,3.7,21,21,35666
31/03/2012,110.6,3.7,21,21,23038
1/4/2012,70.3,2.2,40.8,21,30513
2/4/2012,70.3,2.2,40.8,21,32142
3/4/2012,70.3,2.2,40.8,21,25956
4/4/2012,70.3,2.2,40.8,21,27912
5/4/2012,70.3,2.2,40.8,21,24383
6/4/2012,70.3,2.2,40.8,21,22354
7/4/2012,70.3,2.2,40.8,21,16848
8/4/2012,70.3,2.2,40.8,21,15717
9/4/2012,70.3,2.2,40.8,21,6214
10/4/2012,70.3,2.2,40.8,21,24898
11/4/2012,70.3,2.2,40.8,21,29345
12/4/2012,70.3,2.2,40.8,21,25772
13/04/2012,70.3,2.2,40.8,21,27673
14/04/2012,70.3,2.2,40.8,21,26193
15/04/2012,70.3,2.2,40.8,21,10188
16/04/2012,70.3,2.2,40.8,21,28188
17/04/2012,70.3,2.2,40.8,21,20105
18/04/2012,70.3,2.2,40.8,21,16651
19/04/2012,70.3,2.2,40.8,21,18759
20/04/2012,70.3,2.2,40.8,21,22730
21/04/2012,70.3,2.2,40.8,21,22014
22/04/2012,70.3,2.2,40.8,21,19707
23/04/2012,70.3,2.2,40.8,21,19262
24/04/2012,70.3,2.2,40.8,21,27522
25/04/2012,70.3,2.2,40.8,21,12737
26/04/2012,70.3,2.2,40.8,21,21740
27/04/2012,70.3,2.2,40.8,21,24263
28/04/2012,70.3,2.2,40.8,21,7827
29/04/2012,70.3,2.2,40.8,21,9951
30/04/2012,70.3,2.2,40.8,21,31909
1/5/2012,63,2.4,43.2,22,24523
2/5/2012,63,2.4,43.2,22,28381
3/5/2012,63,2.4,43.2,22,23768
4/5/2012,63,2.4,43.2,22,25503
5/5/2012,63,2.4,43.2,22,16009
6/5/2012,63,2.4,43.2,22,17160
7/5/2012,63,2.4,43.2,22,15227
8/5/2012,63,2.4,43.2,22,28585
9/5/2012,63,2.4,43.2,22,21758
10/5/2012,63,2.4,43.2,22,26164
11/5/2012,63,2.4,43.2,22,31385
12/5/2012,63,2.4,43.2,22,30699
13/05/2012,63,2.4,43.2,22,28778
14/05/2012,63,2.4,43.2,22,23344
15/05/2012,63,2.4,43.2,22,18409
16/05/2012,63,2.4,43.2,22,31453
17/05/2012,63,2.4,43.2,22,31219
18/05/2012,63,2.4,43.2,22,30945
19/05/2012,63,2.4,43.2,22,28474
20/05/2012,63,2.4,43.2,22,22286
21/05/2012,63,2.4,43.2,22,30905
22/05/2012,63,2.4,43.2,22,36720
23/05/2012,63,2.4,43.2,22,40486
24/05/2012,63,2.4,43.2,22,42008
25/05/2012,63,2.4,43.2,22,41357
26/05/2012,63,2.4,43.2,22,39358
27/05/2012,63,2.4,43.2,22,38781
28/05/2012,63,2.4,43.2,22,40872
29/05/2012,63,2.4,43.2,22,37962
30/05/2012,63,2.4,43.2,22,38803
31/05/2012,63,2.4,43.2,22,35630
1/6/2012,60.9,2.1,36.9,22,34524
2/6/2012,60.9,2.1,36.9,22,25283
3/6/2012,60.9,2.1,36.9,22,12207
4/6/2012,60.9,2.1,36.9,22,22649
5/6/2012,60.9,2.1,36.9,22,15537
6/6/2012,60.9,2.1,36.9,22,30297
7/6/2012,60.9,2.1,36.9,22,23066
8/6/2012,60.9,2.1,36.9,22,22224
9/6/2012,60.9,2.1,36.9,22,29258
10/6/2012,60.9,2.1,36.9,22,20876
11/6/2012,60.9,2.1,36.9,22,10252
12/6/2012,60.9,2.1,36.9,22,23742
13/06/2012,60.9,2.1,36.9,22,34447
14/06/2012,60.9,2.1,36.9,22,31593
15/06/2012,60.9,2.1,36.9,22,30944
16/06/2012,60.9,2.1,36.9,22,26300
17/06/2012,60.9,2.1,36.9,22,28531
18/06/2012,60.9,2.1,36.9,22,31089
19/06/2012,60.9,2.1,36.9,22,37601
20/06/2012,60.9,2.1,36.9,22,39267
21/06/2012,60.9,2.1,36.9,22,27052
22/06/2012,60.9,2.1,36.9,22,33027
23/06/2012,60.9,2.1,36.9,22,26900
24/06/2012,60.9,2.1,36.9,22,23509
25/06/2012,60.9,2.1,36.9,22,36337
26/06/2012,60.9,2.1,36.9,22,37652
27/06/2012,60.9,2.1,36.9,22,36767
28/06/2012,60.9,2.1,36.9,22,39571
29/06/2012,60.9,2.1,36.9,22,35321
30/06/2012,60.9,2.1,36.9,22,32982
1/7/2012,73.3,2.4,29.2,23,27438
2/7/2012,73.3,2.4,29.2,23,24963
3/7/2012,73.3,2.4,29.2,23,27163
4/7/2012,73.3,2.4,29.2,23,32433
5/7/2012,73.3,2.4,29.2,23,40565
6/7/2012,73.3,2.4,29.2,23,24723
7/7/2012,73.3,2.4,29.2,23,24782
8/7/2012,73.3,2.4,29.2,23,15855
9/7/2012,73.3,2.4,29.2,23,30523
10/7/2012,73.3,2.4,29.2,23,29723
11/7/2012,73.3,2.4,29.2,23,30544
12/7/2012,73.3,2.4,29.2,23,24736
13/07/2012,73.3,2.4,29.2,23,28875
14/07/2012,73.3,2.4,29.2,23,17999
15/07/2012,73.3,2.4,29.2,23,29938
16/07/2012,73.3,2.4,29.2,23,24218
17/07/2012,73.3,2.4,29.2,23,36788
18/07/2012,73.3,2.4,29.2,23,29841
19/07/2012,73.3,2.4,29.2,23,37032
20/07/2012,73.3,2.4,29.2,23,31187
21/07/2012,73.3,2.4,29.2,23,34776
22/07/2012,73.3,2.4,29.2,23,38620
23/07/2012,73.3,2.4,29.2,23,42309
24/07/2012,73.3,2.4,29.2,23,45748
25/07/2012,73.3,2.4,29.2,23,45024
26/07/2012,73.3,2.4,29.2,23,46891
27/07/2012,73.3,2.4,29.2,23,42815
28/07/2012,73.3,2.4,29.2,23,44617
29/07/2012,73.3,2.4,29.2,23,26352
30/07/2012,73.3,2.4,29.2,23,41891
31/07/2012,73.3,2.4,29.2,23,35805
1/8/2012,70.6,2.4,27.8,23,41603
2/8/2012,70.6,2.4,27.8,23,43183
3/8/2012,70.6,2.4,27.8,23,43045
4/8/2012,70.6,2.4,27.8,23,39082
5/8/2012,70.6,2.4,27.8,23,30150
6/8/2012,70.6,2.4,27.8,23,37198
7/8/2012,70.6,2.4,27.8,23,38134
8/8/2012,70.6,2.4,27.8,23,42263
9/8/2012,70.6,2.4,27.8,23,46050
10/8/2012,70.6,2.4,27.8,23,47102
11/8/2012,70.6,2.4,27.8,23,44111
12/8/2012,70.6,2.4,27.8,23,41734
13/08/2012,70.6,2.4,27.8,23,36101
14/08/2012,70.6,2.4,27.8,23,41532
15/08/2012,70.6,2.4,27.8,23,36557
16/08/2012,70.6,2.4,27.8,23,38181
17/08/2012,70.6,2.4,27.8,23,40821
18/08/2012,70.6,2.4,27.8,23,40577
19/08/2012,70.6,2.4,27.8,23,35370
20/08/2012,70.6,2.4,27.8,23,37997
21/08/2012,70.6,2.4,27.8,23,39185
22/08/2012,70.6,2.4,27.8,23,39962
23/08/2012,70.6,2.4,27.8,23,36578
24/08/2012,70.6,2.4,27.8,23,33329
25/08/2012,70.6,2.4,27.8,23,17802
26/08/2012,70.6,2.4,27.8,23,31939
27/08/2012,70.6,2.4,27.8,23,27522
28/08/2012,70.6,2.4,27.8,23,37362
29/08/2012,70.6,2.4,27.8,23,30916
30/08/2012,70.6,2.4,27.8,23,30379
31/08/2012,70.6,2.4,27.8,23,37406
1/9/2012,84.6,2.9,25,20,33123
2/9/2012,84.6,2.9,25,20,27997
3/9/2012,84.6,2.9,25,20,39941
4/9/2012,84.6,2.9,25,20,40298
5/9/2012,84.6,2.9,25,20,40606
6/9/2012,84.6,2.9,25,20,39864
7/9/2012,84.6,2.9,25,20,41414
8/9/2012,84.6,2.9,25,20,40978
9/9/2012,84.6,2.9,25,20,39006
10/9/2012,84.6,2.9,25,20,35489
11/9/2012,84.6,2.9,25,20,37276
12/9/2012,84.6,2.9,25,20,35654
13/09/2012,84.6,2.9,25,20,37938
14/09/2012,84.6,2.9,25,20,36653
15/09/2012,84.6,2.9,25,20,36493
16/09/2012,84.6,2.9,25,20,29785
17/09/2012,84.6,2.9,25,20,35954
18/09/2012,84.6,2.9,25,20,37026
19/09/2012,84.6,2.9,25,20,36136
20/09/2012,84.6,2.9,25,20,35929
21/09/2012,84.6,2.9,25,20,32347
22/09/2012,84.6,2.9,25,20,33867
23/09/2012,84.6,2.9,25,20,8452
24/09/2012,84.6,2.9,25,20,21229
25/09/2012,84.6,2.9,25,20,33706
26/09/2012,84.6,2.9,25,20,27202
27/09/2012,84.6,2.9,25,20,32416
28/09/2012,84.6,2.9,25,20,31880
29/09/2012,84.6,2.9,25,20,31223
30/09/2012,84.6,2.9,25,20,25263
1/10/2012,95.3,3.8,19,18,23627
2/10/2012,95.3,3.8,19,18,30107
3/10/2012,95.3,3.8,19,18,32695
4/10/2012,95.3,3.8,19,18,35136
5/10/2012,95.3,3.8,19,18,23773
6/10/2012,95.3,3.8,19,18,30424
7/10/2012,95.3,3.8,19,18,27168
8/10/2012,95.3,3.8,19,18,22984
9/10/2012,95.3,3.8,19,18,32965
10/10/2012,95.3,3.8,19,18,35221
11/10/2012,95.3,3.8,19,18,25324
12/10/2012,95.3,3.8,19,18,31694
13/10/2012,95.3,3.8,19,18,26289
14/10/2012,95.3,3.8,19,18,25440
15/10/2012,95.3,3.8,19,18,30558
16/10/2012,95.3,3.8,19,18,33253
17/10/2012,95.3,3.8,19,18,30285
18/10/2012,95.3,3.8,19,18,32566
19/10/2012,95.3,3.8,19,18,21001
20/10/2012,95.3,3.8,19,18,25411
21/10/2012,95.3,3.8,19,18,15563
22/10/2012,95.3,3.8,19,18,27294
23/10/2012,95.3,3.8,19,18,31996
24/10/2012,95.3,3.8,19,18,33882
25/10/2012,95.3,3.8,19,18,29515
26/10/2012,95.3,3.8,19,18,26404
27/10/2012,95.3,3.8,19,18,17144
28/10/2012,95.3,3.8,19,18,15305
29/10/2012,95.3,3.8,19,18,24276
30/10/2012,95.3,3.8,19,18,30325
31/10/2012,95.3,3.8,19,18,29241
1/11/2012,128.6,3.4,16.5,17,26888
2/11/2012,128.6,3.4,16.5,17,28748
3/11/2012,128.6,3.4,16.5,17,21498
4/11/2012,128.6,3.4,16.5,17,11693
5/11/2012,128.6,3.4,16.5,17,27666
6/11/2012,128.6,3.4,16.5,17,27038
7/11/2012,128.6,3.4,16.5,17,29537
8/11/2012,128.6,3.4,16.5,17,29895
9/11/2012,128.6,3.4,16.5,17,29349
10/11/2012,128.6,3.4,16.5,17,18018
11/11/2012,128.6,3.4,16.5,17,20971
12/11/2012,128.6,3.4,16.5,17,23680
13/11/2012,128.6,3.4,16.5,17,30511
14/11/2012,128.6,3.4,16.5,17,31453
15/11/2012,128.6,3.4,16.5,17,30165
16/11/2012,128.6,3.4,16.5,17,28143
17/11/2012,128.6,3.4,16.5,17,20325
18/11/2012,128.6,3.4,16.5,17,21664
19/11/2012,128.6,3.4,16.5,17,28127
20/11/2012,128.6,3.4,16.5,17,25921
21/11/2012,128.6,3.4,16.5,17,20554
22/11/2012,128.6,3.4,16.5,17,27783
23/11/2012,128.6,3.4,16.5,17,27973
24/11/2012,128.6,3.4,16.5,17,8902
25/11/2012,128.6,3.4,16.5,17,16894
26/11/2012,128.6,3.4,16.5,17,20656
27/11/2012,128.6,3.4,16.5,17,20388
28/11/2012,128.6,3.4,16.5,17,21403
29/11/2012,128.6,3.4,16.5,17,26212
30/11/2012,128.6,3.4,16.5,17,24838
1/12/2012,112.5,4.1,24.2,19,16068
2/12/2012,112.5,4.1,24.2,19,15227
3/12/2012,112.5,4.1,24.2,19,23592
4/12/2012,112.5,4.1,24.2,19,26144
5/12/2012,112.5,4.1,24.2,19,23111
6/12/2012,112.5,4.1,24.2,19,22645
7/12/2012,112.5,4.1,24.2,19,20140
8/12/2012,112.5,4.1,24.2,19,17805
9/12/2012,112.5,4.1,24.2,19,14147
10/12/2012,112.5,4.1,24.2,19,23937
11/12/2012,112.5,4.1,24.2,19,23531
12/12/2012,112.5,4.1,24.2,19,22344
13/12/2012,112.5,4.1,24.2,19,21704
14/12/2012,112.5,4.1,24.2,19,17085
15/12/2012,112.5,4.1,24.2,19,16962
16/12/2012,112.5,4.1,24.2,19,14128
17/12/2012,112.5,4.1,24.2,19,22899
18/12/2012,112.5,4.1,24.2,19,23651
19/12/2012,112.5,4.1,24.2,19,16828
20/12/2012,112.5,4.1,24.2,19,12401
21/12/2012,112.5,4.1,24.2,19,20395
22/12/2012,112.5,4.1,24.2,19,5644
23/12/2012,112.5,4.1,24.2,19,9184
24/12/2012,112.5,4.1,24.2,19,7985
25/12/2012,112.5,4.1,24.2,19,16816
26/12/2012,112.5,4.1,24.2,19,10405
27/12/2012,112.5,4.1,24.2,19,9013
28/12/2012,112.5,4.1,24.2,19,10947
29/12/2012,112.5,4.1,24.2,19,8498
30/12/2012,112.5,4.1,24.2,19,11343
31/12/2012,112.5,4.1,24.2,19,8865
1/1/2013,122.1,4.4,19.9,17,12149
2/1/2013,122.1,4.4,19.9,17,16203
3/1/2013,122.1,4.4,19.9,17,21269
4/1/2013,122.1,4.4,19.9,17,22435
5/1/2013,122.1,4.4,19.9,17,16242
6/1/2013,122.1,4.4,19.9,17,13622
7/1/2013,122.1,4.4,19.9,17,23348
8/1/2013,122.1,4.4,19.9,17,25909
9/1/2013,122.1,4.4,19.9,17,25341
10/1/2013,122.1,4.4,19.9,17,24363
11/1/2013,122.1,4.4,19.9,17,23869
12/1/2013,122.1,4.4,19.9,17,13562
13/01/2013,122.1,4.4,19.9,17,12260
14/01/2013,122.1,4.4,19.9,17,17427
15/01/2013,122.1,4.4,19.9,17,22797
16/01/2013,122.1,4.4,19.9,17,22460
17/01/2013,122.1,4.4,19.9,17,22210
18/01/2013,122.1,4.4,19.9,17,13108
19/01/2013,122.1,4.4,19.9,17,7843
20/01/2013,122.1,4.4,19.9,17,3728
21/01/2013,122.1,4.4,19.9,17,13467
22/01/2013,122.1,4.4,19.9,17,18061
23/01/2013,122.1,4.4,19.9,17,19404
24/01/2013,122.1,4.4,19.9,17,20721
25/01/2013,122.1,4.4,19.9,17,20178
26/01/2013,122.1,4.4,19.9,17,14595
27/01/2013,122.1,4.4,19.9,17,13689
28/01/2013,122.1,4.4,19.9,17,18689
29/01/2013,122.1,4.4,19.9,17,21268
30/01/2013,122.1,4.4,19.9,17,23415
31/01/2013,122.1,4.4,19.9,17,21957
1/2/2013,99.4,3.8,27.3,16,18081
2/2/2013,99.4,3.8,27.3,16,15757
3/2/2013,99.4,3.8,27.3,16,13572
4/2/2013,99.4,3.8,27.3,16,23017
5/2/2013,99.4,3.8,27.3,16,21177
6/2/2013,99.4,3.8,27.3,16,20664
7/2/2013,99.4,3.8,27.3,16,20852
8/2/2013,99.4,3.8,27.3,16,20571
9/2/2013,99.4,3.8,27.3,16,11274
10/2/2013,99.4,3.8,27.3,16,4901
11/2/2013,99.4,3.8,27.3,16,13468
12/2/2013,99.4,3.8,27.3,16,20342
13/02/2013,99.4,3.8,27.3,16,21051
14/02/2013,99.4,3.8,27.3,16,21034
15/02/2013,99.4,3.8,27.3,16,22952
16/02/2013,99.4,3.8,27.3,16,19072
17/02/2013,99.4,3.8,27.3,16,19044
18/02/2013,99.4,3.8,27.3,16,22724
19/02/2013,99.4,3.8,27.3,16,24525
20/02/2013,99.4,3.8,27.3,16,20938
21/02/2013,99.4,3.8,27.3,16,19757
22/02/2013,99.4,3.8,27.3,16,18313
23/02/2013,99.4,3.8,27.3,16,11234
24/02/2013,99.4,3.8,27.3,16,9404
25/02/2013,99.4,3.8,27.3,16,19800
26/02/2013,99.4,3.8,27.3,16,19595
27/02/2013,99.4,3.8,27.3,16,21484
28/02/2013,99.4,3.8,27.3,16,21985
1/3/2013,92.2,3.5,35,16,19487
2/3/2013,92.2,3.5,35,16,15265
3/3/2013,92.2,3.5,35,16,14520
4/3/2013,92.2,3.5,35,16,23036
5/3/2013,92.2,3.5,35,16,27054
6/3/2013,92.2,3.5,35,16,24324
7/3/2013,92.2,3.5,35,16,17322
8/3/2013,92.2,3.5,35,16,13843
9/3/2013,92.2,3.5,35,16,14244
10/3/2013,92.2,3.5,35,16,10163
11/3/2013,92.2,3.5,35,16,16546
12/3/2013,92.2,3.5,35,16,18794
13/03/2013,92.2,3.5,35,16,20245
14/03/2013,92.2,3.5,35,16,21984
15/03/2013,92.2,3.5,35,16,17159
16/03/2013,92.2,3.5,35,16,9190
17/03/2013,92.2,3.5,35,16,7940
18/03/2013,92.2,3.5,35,16,15852
19/03/2013,92.2,3.5,35,16,22479
20/03/2013,92.2,3.5,35,16,22216
21/03/2013,92.2,3.5,35,16,22061
22/03/2013,92.2,3.5,35,16,16233
23/03/2013,92.2,3.5,35,16,5249
24/03/2013,92.2,3.5,35,16,6786
25/03/2013,92.2,3.5,35,16,17290
26/03/2013,92.2,3.5,35,16,18384
27/03/2013,92.2,3.5,35,16,19184
28/03/2013,92.2,3.5,35,16,18052
29/03/2013,92.2,3.5,35,16,10909
30/03/2013,92.2,3.5,35,16,9793
31/03/2013,92.2,3.5,35,16,9007
1/4/2013,65.9,2.3,45.9,20,9421
2/4/2013,65.9,2.3,45.9,20,19148
3/4/2013,65.9,2.3,45.9,20,17801
4/4/2013,65.9,2.3,45.9,20,15626
5/4/2013,65.9,2.3,45.9,20,18059
6/4/2013,65.9,2.3,45.9,20,18216
7/4/2013,65.9,2.3,45.9,20,18090
8/4/2013,65.9,2.3,45.9,20,21797
9/4/2013,65.9,2.3,45.9,20,17555
10/4/2013,65.9,2.3,45.9,20,22233
11/4/2013,65.9,2.3,45.9,20,19240
12/4/2013,65.9,2.3,45.9,20,15100
13/04/2013,65.9,2.3,45.9,20,11291
14/04/2013,65.9,2.3,45.9,20,25074
15/04/2013,65.9,2.3,45.9,20,24923
16/04/2013,65.9,2.3,45.9,20,26060
17/04/2013,65.9,2.3,45.9,20,25730
18/04/2013,65.9,2.3,45.9,20,23979
19/04/2013,65.9,2.3,45.9,20,24297
20/04/2013,65.9,2.3,45.9,20,26724
21/04/2013,65.9,2.3,45.9,20,22466
22/04/2013,65.9,2.3,45.9,20,25384
23/04/2013,65.9,2.3,45.9,20,31359
24/04/2013,65.9,2.3,45.9,20,30193
25/04/2013,65.9,2.3,45.9,20,32000
26/04/2013,65.9,2.3,45.9,20,23125
27/04/2013,65.9,2.3,45.9,20,17337
28/04/2013,65.9,2.3,45.9,20,19139
29/04/2013,65.9,2.3,45.9,20,27644
30/04/2013,65.9,2.3,45.9,20,29219
1/5/2013,67.6,3.8,41.6,22,31175
2/5/2013,67.6,3.8,41.6,22,31239
3/5/2013,67.6,3.8,41.6,22,31340
4/5/2013,67.6,3.8,41.6,22,19156
5/5/2013,67.6,3.8,41.6,22,24342
6/5/2013,67.6,3.8,41.6,22,29015
7/5/2013,67.6,3.8,41.6,22,30707
8/5/2013,67.6,3.8,41.6,22,26032
9/5/2013,67.6,3.8,41.6,22,24250
10/5/2013,67.6,3.8,41.6,22,26399
11/5/2013,67.6,3.8,41.6,22,16627
12/5/2013,67.6,3.8,41.6,22,15918
13/05/2013,67.6,3.8,41.6,22,24836
14/05/2013,67.6,3.8,41.6,22,18054
15/05/2013,67.6,3.8,41.6,22,24015
16/05/2013,67.6,3.8,41.6,22,26070
17/05/2013,67.6,3.8,41.6,22,24932
18/05/2013,67.6,3.8,41.6,22,22272
19/05/2013,67.6,3.8,41.6,22,23994
20/05/2013,67.6,3.8,41.6,22,25914
21/05/2013,67.6,3.8,41.6,22,27649
22/05/2013,67.6,3.8,41.6,22,26967
23/05/2013,67.6,3.8,41.6,22,24701
24/05/2013,67.6,3.8,41.6,22,12891
25/05/2013,67.6,3.8,41.6,22,21087
26/05/2013,67.6,3.8,41.6,22,27251
27/05/2013,67.6,3.8,41.6,22,25819
28/05/2013,67.6,3.8,41.6,22,14556
29/05/2013,67.6,3.8,41.6,22,21440
30/05/2013,67.6,3.8,41.6,22,22150
31/05/2013,67.6,3.8,41.6,22,29136
1/6/2013,67.5,2,32.1,22,24782
2/6/2013,67.5,2,32.1,22,27202
3/6/2013,67.5,2,32.1,22,29940
4/6/2013,67.5,2,32.1,22,32397
5/6/2013,67.5,2,32.1,22,32488
6/6/2013,67.5,2,32.1,22,32829
7/6/2013,67.5,2,32.1,22,28762
8/6/2013,67.5,2,32.1,22,27264
9/6/2013,67.5,2,32.1,22,19429
10/6/2013,67.5,2,32.1,22,27336
11/6/2013,67.5,2,32.1,22,26601
12/6/2013,67.5,2,32.1,22,24401
13/06/2013,67.5,2,32.1,22,26388
14/06/2013,67.5,2,32.1,22,28797
15/06/2013,67.5,2,32.1,22,16020
16/06/2013,67.5,2,32.1,22,19970
17/06/2013,67.5,2,32.1,22,28611
18/06/2013,67.5,2,32.1,22,30871
19/06/2013,67.5,2,32.1,22,31899
20/06/2013,67.5,2,32.1,22,29959
21/06/2013,67.5,2,32.1,22,28844
22/06/2013,67.5,2,32.1,22,19483
23/06/2013,67.5,2,32.1,22,19006
24/06/2013,67.5,2,32.1,22,27636
25/06/2013,67.5,2,32.1,22,31889
26/06/2013,67.5,2,32.1,22,31156
27/06/2013,67.5,2,32.1,22,27306
28/06/2013,67.5,2,32.1,22,22074
29/06/2013,67.5,2,32.1,22,29054
30/06/2013,67.5,2,32.1,22,31237
1/7/2013,63.4,2.8,34.8,25,31151
2/7/2013,63.4,2.8,34.8,25,30163
3/7/2013,63.4,2.8,34.8,25,30780
4/7/2013,63.4,2.8,34.8,25,32941
5/7/2013,63.4,2.8,34.8,25,34704
6/7/2013,63.4,2.8,34.8,25,34191
7/7/2013,63.4,2.8,34.8,25,31363
8/7/2013,63.4,2.8,34.8,25,34263
9/7/2013,63.4,2.8,34.8,25,35519
10/7/2013,63.4,2.8,34.8,25,33629
11/7/2013,63.4,2.8,34.8,25,33792
12/7/2013,63.4,2.8,34.8,25,33173
13/07/2013,63.4,2.8,34.8,25,33509
14/07/2013,63.4,2.8,34.8,25,32169
15/07/2013,63.4,2.8,34.8,25,34419
16/07/2013,63.4,2.8,34.8,25,35580
17/07/2013,63.4,2.8,34.8,25,35203
18/07/2013,63.4,2.8,34.8,25,35330
19/07/2013,63.4,2.8,34.8,25,35196
20/07/2013,63.4,2.8,34.8,25,28332
21/07/2013,63.4,2.8,34.8,25,30075
22/07/2013,63.4,2.8,34.8,25,33176
23/07/2013,63.4,2.8,34.8,25,31624
24/07/2013,63.4,2.8,34.8,25,34038
25/07/2013,63.4,2.8,34.8,25,33683
26/07/2013,63.4,2.8,34.8,25,34681
27/07/2013,63.4,2.8,34.8,25,25761
28/07/2013,63.4,2.8,34.8,25,28177
29/07/2013,63.4,2.8,34.8,25,30415
30/07/2013,63.4,2.8,34.8,25,22742
31/07/2013,63.4,2.8,34.8,25,28976
1/8/2013,68.5,2.4,28.4,25,34770
2/8/2013,68.5,2.4,28.4,25,29109
3/8/2013,68.5,2.4,28.4,25,34928
4/8/2013,68.5,2.4,28.4,25,32580
5/8/2013,68.5,2.4,28.4,25,23864
6/8/2013,68.5,2.4,28.4,25,33631
7/8/2013,68.5,2.4,28.4,25,33084
8/8/2013,68.5,2.4,28.4,25,33737
9/8/2013,68.5,2.4,28.4,25,28206
10/8/2013,68.5,2.4,28.4,25,28830
11/8/2013,68.5,2.4,28.4,25,29530
12/8/2013,68.5,2.4,28.4,25,30425
13/08/2013,68.5,2.4,28.4,25,30933
14/08/2013,68.5,2.4,28.4,25,31412
15/08/2013,68.5,2.4,28.4,25,30865
16/08/2013,68.5,2.4,28.4,25,25555
17/08/2013,68.5,2.4,28.4,25,23931
18/08/2013,68.5,2.4,28.4,25,26910
19/08/2013,68.5,2.4,28.4,25,31183
20/08/2013,68.5,2.4,28.4,25,33578
21/08/2013,68.5,2.4,28.4,25,33214
22/08/2013,68.5,2.4,28.4,25,22363
23/08/2013,68.5,2.4,28.4,25,30665
24/08/2013,68.5,2.4,28.4,25,7341
25/08/2013,68.5,2.4,28.4,25,21638
26/08/2013,68.5,2.4,28.4,25,27802
27/08/2013,68.5,2.4,28.4,25,29563
28/08/2013,68.5,2.4,28.4,25,32024
29/08/2013,68.5,2.4,28.4,25,31639
30/08/2013,68.5,2.4,28.4,25,31127
31/08/2013,68.5,2.4,28.4,25,29718
1/9/2013,107.1,2.9,16.3,19,23856
2/9/2013,107.1,2.9,16.3,19,31292
3/9/2013,107.1,2.9,16.3,19,31600
4/9/2013,107.1,2.9,16.3,19,33406
5/9/2013,107.1,2.9,16.3,19,33574
6/9/2013,107.1,2.9,16.3,19,20930
7/9/2013,107.1,2.9,16.3,19,21279
8/9/2013,107.1,2.9,16.3,19,18046
9/9/2013,107.1,2.9,16.3,19,17943
10/9/2013,107.1,2.9,16.3,19,24558
11/9/2013,107.1,2.9,16.3,19,23386
12/9/2013,107.1,2.9,16.3,19,24246
13/09/2013,107.1,2.9,16.3,19,15392
14/09/2013,107.1,2.9,16.3,19,12977
15/09/2013,107.1,2.9,16.3,19,4826
16/09/2013,107.1,2.9,16.3,19,21892
17/09/2013,107.1,2.9,16.3,19,18428
18/09/2013,107.1,2.9,16.3,19,25319
19/09/2013,107.1,2.9,16.3,19,18746
20/09/2013,107.1,2.9,16.3,19,26196
21/09/2013,107.1,2.9,16.3,19,21988
22/09/2013,107.1,2.9,16.3,19,22683
23/09/2013,107.1,2.9,16.3,19,26625
24/09/2013,107.1,2.9,16.3,19,28666
25/09/2013,107.1,2.9,16.3,19,28183
26/09/2013,107.1,2.9,16.3,19,28857
27/09/2013,107.1,2.9,16.3,19,27371
28/09/2013,107.1,2.9,16.3,19,21716
29/09/2013,107.1,2.9,16.3,19,20654
30/09/2013,107.1,2.9,16.3,19,27089
1/10/2013,92.8,3.1,21.4,17,27711
2/10/2013,92.8,3.1,21.4,17,26467
3/10/2013,92.8,3.1,21.4,17,25153
4/10/2013,92.8,3.1,21.4,17,26522
5/10/2013,92.8,3.1,21.4,17,22996
6/10/2013,92.8,3.1,21.4,17,25143
7/10/2013,92.8,3.1,21.4,17,26680
8/10/2013,92.8,3.1,21.4,17,27598
9/10/2013,92.8,3.1,21.4,17,26433
10/10/2013,92.8,3.1,21.4,17,23497
11/10/2013,92.8,3.1,21.4,17,15640
12/10/2013,92.8,3.1,21.4,17,17068
13/10/2013,92.8,3.1,21.4,17,7068
14/10/2013,92.8,3.1,21.4,17,18979
15/10/2013,92.8,3.1,21.4,17,24657
16/10/2013,92.8,3.1,21.4,17,20562
17/10/2013,92.8,3.1,21.4,17,25170
18/10/2013,92.8,3.1,21.4,17,24880
19/10/2013,92.8,3.1,21.4,17,17430
20/10/2013,92.8,3.1,21.4,17,11396
21/10/2013,92.8,3.1,21.4,17,21385
22/10/2013,92.8,3.1,21.4,17,22316
23/10/2013,92.8,3.1,21.4,17,24178
24/10/2013,92.8,3.1,21.4,17,26399
25/10/2013,92.8,3.1,21.4,17,23677
26/10/2013,92.8,3.1,21.4,17,16986
27/10/2013,92.8,3.1,21.4,17,15652
28/10/2013,92.8,3.1,21.4,17,14577
29/10/2013,92.8,3.1,21.4,17,23126
30/10/2013,92.8,3.1,21.4,17,24753
31/10/2013,92.8,3.1,21.4,17,20055
1/11/2013,122,4.1,14.3,15,20597
2/11/2013,122,4.1,14.3,15,15347
3/11/2013,122,4.1,14.3,15,13063
4/11/2013,122,4.1,14.3,15,20369
5/11/2013,122,4.1,14.3,15,19326
6/11/2013,122,4.1,14.3,15,18431
7/11/2013,122,4.1,14.3,15,22527
8/11/2013,122,4.1,14.3,15,15188
9/11/2013,122,4.1,14.3,15,6772
10/11/2013,122,4.1,14.3,15,9767
11/11/2013,122,4.1,14.3,15,14377
12/11/2013,122,4.1,14.3,15,19572
13/11/2013,122,4.1,14.3,15,22021
14/11/2013,122,4.1,14.3,15,21061
15/11/2013,122,4.1,14.3,15,20850
16/11/2013,122,4.1,14.3,15,15029
17/11/2013,122,4.1,14.3,15,12340
18/11/2013,122,4.1,14.3,15,18491
19/11/2013,122,4.1,14.3,15,20335
20/11/2013,122,4.1,14.3,15,14115
21/11/2013,122,4.1,14.3,15,18668
22/11/2013,122,4.1,14.3,15,18789
23/11/2013,122,4.1,14.3,15,13276
24/11/2013,122,4.1,14.3,15,10505
25/11/2013,122,4.1,14.3,15,19201
26/11/2013,122,4.1,14.3,15,20486
27/11/2013,122,4.1,14.3,15,20274
28/11/2013,122,4.1,14.3,15,20649
29/11/2013,122,4.1,14.3,15,19397
30/11/2013,122,4.1,14.3,15,13323
1/12/2013,113.1,3.1,25.2,18,11711
2/12/2013,113.1,3.1,25.2,18,19630
3/12/2013,113.1,3.1,25.2,18,20242
4/12/2013,113.1,3.1,25.2,18,20035
5/12/2013,113.1,3.1,25.2,18,18326
6/12/2013,113.1,3.1,25.2,18,18494
7/12/2013,113.1,3.1,25.2,18,13625
8/12/2013,113.1,3.1,25.2,18,13076
9/12/2013,113.1,3.1,25.2,18,19969
10/12/2013,113.1,3.1,25.2,18,20432
11/12/2013,113.1,3.1,25.2,18,19123
12/12/2013,113.1,3.1,25.2,18,19420
13/12/2013,113.1,3.1,25.2,18,16921
14/12/2013,113.1,3.1,25.2,18,14049
15/12/2013,113.1,3.1,25.2,18,8557
16/12/2013,113.1,3.1,25.2,18,13825
17/12/2013,113.1,3.1,25.2,18,15689
18/12/2013,113.1,3.1,25.2,18,17311
19/12/2013,113.1,3.1,25.2,18,17738
20/12/2013,113.1,3.1,25.2,18,18046
21/12/2013,113.1,3.1,25.2,18,5774
22/12/2013,113.1,3.1,25.2,18,9233
23/12/2013,113.1,3.1,25.2,18,6246
24/12/2013,113.1,3.1,25.2,18,6201
25/12/2013,113.1,3.1,25.2,18,27715
26/12/2013,113.1,3.1,25.2,18,7666
27/12/2013,113.1,3.1,25.2,18,7258
28/12/2013,113.1,3.1,25.2,18,10533
29/12/2013,113.1,3.1,25.2,18,10983
30/12/2013,113.1,3.1,25.2,18,8413
31/12/2013,113.1,3.1,25.2,18,7701
1/1/2014,104.8,1.8,26.2,15,4327
2/1/2014,104.8,1.8,26.2,15,15820
3/1/2014,104.8,1.8,26.2,15,11636
4/1/2014,104.8,1.8,26.2,15,6918
5/1/2014,104.8,1.8,26.2,15,9145
6/1/2014,104.8,1.8,26.2,15,13066
7/1/2014,104.8,1.8,26.2,15,17420
8/1/2014,104.8,1.8,26.2,15,19770
9/1/2014,104.8,1.8,26.2,15,19143
10/1/2014,104.8,1.8,26.2,15,18840
11/1/2014,104.8,1.8,26.2,15,15723
12/1/2014,104.8,1.8,26.2,15,11975
13/01/2014,104.8,1.8,26.2,15,17721
14/01/2014,104.8,1.8,26.2,15,20740
15/01/2014,104.8,1.8,26.2,15,19243
16/01/2014,104.8,1.8,26.2,15,18861
17/01/2014,104.8,1.8,26.2,15,17434
18/01/2014,104.8,1.8,26.2,15,15333
19/01/2014,104.8,1.8,26.2,15,16083
20/01/2014,104.8,1.8,26.2,15,21218
21/01/2014,104.8,1.8,26.2,15,21756
22/01/2014,104.8,1.8,26.2,15,21072
23/01/2014,104.8,1.8,26.2,15,20020
24/01/2014,104.8,1.8,26.2,15,19272
25/01/2014,104.8,1.8,26.2,15,14581
26/01/2014,104.8,1.8,26.2,15,7033
27/01/2014,104.8,1.8,26.2,15,18285
28/01/2014,104.8,1.8,26.2,15,19939
29/01/2014,104.8,1.8,26.2,15,10585
30/01/2014,104.8,1.8,26.2,15,17052
31/01/2014,104.8,1.8,26.2,15,13859
1/2/2014,70.6,2.8,34.3,17,13981
2/2/2014,70.6,2.8,34.3,17,15924
3/2/2014,70.6,2.8,34.3,17,20370
4/2/2014,70.6,2.8,34.3,17,21217
5/2/2014,70.6,2.8,34.3,17,29418
6/2/2014,70.6,2.8,34.3,17,25395
7/2/2014,70.6,2.8,34.3,17,19857
8/2/2014,70.6,2.8,34.3,17,10928
9/2/2014,70.6,2.8,34.3,17,11657
10/2/2014,70.6,2.8,34.3,17,19278
11/2/2014,70.6,2.8,34.3,17,18514
12/2/2014,70.6,2.8,34.3,17,18000
13/02/2014,70.6,2.8,34.3,17,20954
14/02/2014,70.6,2.8,34.3,17,12794
15/02/2014,70.6,2.8,34.3,17,11208
16/02/2014,70.6,2.8,34.3,17,18484
17/02/2014,70.6,2.8,34.3,17,19013
18/02/2014,70.6,2.8,34.3,17,19484
19/02/2014,70.6,2.8,34.3,17,21556
20/02/2014,70.6,2.8,34.3,17,19396
21/02/2014,70.6,2.8,34.3,17,21269
22/02/2014,70.6,2.8,34.3,17,20033
23/02/2014,70.6,2.8,34.3,17,13680
24/02/2014,70.6,2.8,34.3,17,21469
25/02/2014,70.6,2.8,34.3,17,20713
26/02/2014,70.6,2.8,34.3,17,23938
27/02/2014,70.6,2.8,34.3,17,20629
28/02/2014,70.6,2.8,34.3,17,13781
1/3/2014,101.2,3.3,23.6,20,18823
2/3/2014,101.2,3.3,23.6,20,11727
3/3/2014,101.2,3.3,23.6,20,18150
4/3/2014,101.2,3.3,23.6,20,23069
5/3/2014,101.2,3.3,23.6,20,25102
6/3/2014,101.2,3.3,23.6,20,24696
7/3/2014,101.2,3.3,23.6,20,24385
8/3/2014,101.2,3.3,23.6,20,25556
9/3/2014,101.2,3.3,23.6,20,33955
10/3/2014,101.2,3.3,23.6,20,24347
11/3/2014,101.2,3.3,23.6,20,23871
12/3/2014,101.2,3.3,23.6,20,27173
13/03/2014,101.2,3.3,23.6,20,27552
14/03/2014,101.2,3.3,23.6,20,28134
15/03/2014,101.2,3.3,23.6,20,29664
16/03/2014,101.2,3.3,23.6,20,34421
17/03/2014,101.2,3.3,23.6,20,26465
18/03/2014,101.2,3.3,23.6,20,25502
19/03/2014,101.2,3.3,23.6,20,26719
20/03/2014,101.2,3.3,23.6,20,23718
21/03/2014,101.2,3.3,23.6,20,23821
22/03/2014,101.2,3.3,23.6,20,19091
23/03/2014,101.2,3.3,23.6,20,17463
24/03/2014,101.2,3.3,23.6,20,24055
25/03/2014,101.2,3.3,23.6,20,19421
26/03/2014,101.2,3.3,23.6,20,20493
27/03/2014,101.2,3.3,23.6,20,23462
28/03/2014,101.2,3.3,23.6,20,24198
29/03/2014,101.2,3.3,23.6,20,29511
30/03/2014,101.2,3.3,23.6,20,26605
31/03/2014,101.2,3.3,23.6,20,26715
1/4/2014,81.1,2.3,29.4,21,29782
2/4/2014,81.1,2.3,29.4,21,28876
3/4/2014,81.1,2.3,29.4,21,28245
4/4/2014,81.1,2.3,29.4,21,27401
5/4/2014,81.1,2.3,29.4,21,25648
6/4/2014,81.1,2.3,29.4,21,16387
7/4/2014,81.1,2.3,29.4,21,18883
8/4/2014,81.1,2.3,29.4,21,26654
9/4/2014,81.1,2.3,29.4,21,29621
10/4/2014,81.1,2.3,29.4,21,29229
11/4/2014,81.1,2.3,29.4,21,28435
12/4/2014,81.1,2.3,29.4,21,25706
13/04/2014,81.1,2.3,29.4,21,31404
14/04/2014,81.1,2.3,29.4,21,28742
15/04/2014,81.1,2.3,29.4,21,30031
16/04/2014,81.1,2.3,29.4,21,30934
17/04/2014,81.1,2.3,29.4,21,27676
18/04/2014,81.1,2.3,29.4,21,22152
19/04/2014,81.1,2.3,29.4,21,21424
20/04/2014,81.1,2.3,29.4,21,7188
21/04/2014,81.1,2.3,29.4,21,20532
22/04/2014,81.1,2.3,29.4,21,22689
23/04/2014,81.1,2.3,29.4,21,27102
24/04/2014,81.1,2.3,29.4,21,29119
25/04/2014,81.1,2.3,29.4,21,20400
26/04/2014,81.1,2.3,29.4,21,25195
27/04/2014,81.1,2.3,29.4,21,21284
28/04/2014,81.1,2.3,29.4,21,29474
29/04/2014,81.1,2.3,29.4,21,46333
30/04/2014,81.1,2.3,29.4,21,49025
1/5/2014,77.9,1.4,35.5,21,16644
2/5/2014,77.9,1.4,35.5,21,26510
3/5/2014,77.9,1.4,35.5,21,31534
4/5/2014,77.9,1.4,35.5,21,33030
5/5/2014,77.9,1.4,35.5,21,33748
6/5/2014,77.9,1.4,35.5,21,32323
7/5/2014,77.9,1.4,35.5,21,28802
8/5/2014,77.9,1.4,35.5,21,19398
9/5/2014,77.9,1.4,35.5,21,30131
10/5/2014,77.9,1.4,35.5,21,19373
11/5/2014,77.9,1.4,35.5,21,17645
12/5/2014,77.9,1.4,35.5,21,26149
13/05/2014,77.9,1.4,35.5,21,25351
14/05/2014,77.9,1.4,35.5,21,34122
15/05/2014,77.9,1.4,35.5,21,35148
16/05/2014,77.9,1.4,35.5,21,36268
17/05/2014,77.9,1.4,35.5,21,38147
18/05/2014,77.9,1.4,35.5,21,43663
19/05/2014,77.9,1.4,35.5,21,37088
20/05/2014,77.9,1.4,35.5,21,33626
21/05/2014,77.9,1.4,35.5,21,34437
22/05/2014,77.9,1.4,35.5,21,30819
23/05/2014,77.9,1.4,35.5,21,30556
24/05/2014,77.9,1.4,35.5,21,18723
25/05/2014,77.9,1.4,35.5,21,33401
26/05/2014,77.9,1.4,35.5,21,12049
27/05/2014,77.9,1.4,35.5,21,14446
28/05/2014,77.9,1.4,35.5,21,21978
29/05/2014,77.9,1.4,35.5,21,29229
30/05/2014,77.9,1.4,35.5,21,31331
31/05/2014,77.9,1.4,35.5,21,35040
1/6/2014,74.3,3,31.7,21,36655
2/6/2014,74.3,3,31.7,21,33481
3/6/2014,74.3,3,31.7,21,29332
4/6/2014,74.3,3,31.7,21,25905
5/6/2014,74.3,3,31.7,21,34617
6/6/2014,74.3,3,31.7,21,37440
7/6/2014,74.3,3,31.7,21,29919
8/6/2014,74.3,3,31.7,21,44415
9/6/2014,74.3,3,31.7,21,34305
10/6/2014,74.3,3,31.7,21,40128
11/6/2014,74.3,3,31.7,21,39582
12/6/2014,74.3,3,31.7,21,39928
13/06/2014,74.3,3,31.7,21,40036
14/06/2014,74.3,3,31.7,21,32758
15/06/2014,74.3,3,31.7,21,28944
16/06/2014,74.3,3,31.7,21,31592
17/06/2014,74.3,3,31.7,21,37658
18/06/2014,74.3,3,31.7,21,35431
19/06/2014,74.3,3,31.7,21,36113
20/06/2014,74.3,3,31.7,21,36924
21/06/2014,74.3,3,31.7,21,42463
22/06/2014,74.3,3,31.7,21,41596
23/06/2014,74.3,3,31.7,21,35206
24/06/2014,74.3,3,31.7,21,38066
25/06/2014,74.3,3,31.7,21,39623
26/06/2014,74.3,3,31.7,21,35438
27/06/2014,74.3,3,31.7,21,35912
28/06/2014,74.3,3,31.7,21,20199
29/06/2014,74.3,3,31.7,21,26714
30/06/2014,74.3,3,31.7,21,32193
1/7/2014,59.9,3.3,30.5,22,39495
2/7/2014,59.9,3.3,30.5,22,40878
3/7/2014,59.9,3.3,30.5,22,43116
4/7/2014,59.9,3.3,30.5,22,38316
5/7/2014,59.9,3.3,30.5,22,27332
6/7/2014,59.9,3.3,30.5,22,31117
7/7/2014,59.9,3.3,30.5,22,36191
8/7/2014,59.9,3.3,30.5,22,35107
9/7/2014,59.9,3.3,30.5,22,38844
10/7/2014,59.9,3.3,30.5,22,32108
11/7/2014,59.9,3.3,30.5,22,27618
12/7/2014,59.9,3.3,30.5,22,38331
13/07/2014,59.9,3.3,30.5,22,33227
14/07/2014,59.9,3.3,30.5,22,38450
15/07/2014,59.9,3.3,30.5,22,40888
16/07/2014,59.9,3.3,30.5,22,42341
17/07/2014,59.9,3.3,30.5,22,42404
18/07/2014,59.9,3.3,30.5,22,40543
19/07/2014,59.9,3.3,30.5,22,37061
20/07/2014,59.9,3.3,30.5,22,34379
21/07/2014,59.9,3.3,30.5,22,38499
22/07/2014,59.9,3.3,30.5,22,42928
23/07/2014,59.9,3.3,30.5,22,42486
24/07/2014,59.9,3.3,30.5,22,42412
25/07/2014,59.9,3.3,30.5,22,31881
26/07/2014,59.9,3.3,30.5,22,43788
27/07/2014,59.9,3.3,30.5,22,39917
28/07/2014,59.9,3.3,30.5,22,36203
29/07/2014,59.9,3.3,30.5,22,42308
30/07/2014,59.9,3.3,30.5,22,43044
31/07/2014,59.9,3.3,30.5,22,41970
1/8/2014,60.8,3,29.5,21,40009
2/8/2014,60.8,3,29.5,21,38046
3/8/2014,60.8,3,29.5,21,41944
4/8/2014,60.8,3,29.5,21,39856
5/8/2014,60.8,3,29.5,21,40716
6/8/2014,60.8,3,29.5,21,38665
7/8/2014,60.8,3,29.5,21,42491
8/8/2014,60.8,3,29.5,21,34234
9/8/2014,60.8,3,29.5,21,47454
10/8/2014,60.8,3,29.5,21,23980
11/8/2014,60.8,3,29.5,21,31725
12/8/2014,60.8,3,29.5,21,34827
13/08/2014,60.8,3,29.5,21,37856
14/08/2014,60.8,3,29.5,21,27185
15/08/2014,60.8,3,29.5,21,32510
16/08/2014,60.8,3,29.5,21,47245
17/08/2014,60.8,3,29.5,21,39952
18/08/2014,60.8,3,29.5,21,30784
19/08/2014,60.8,3,29.5,21,35332
20/08/2014,60.8,3,29.5,21,36817
21/08/2014,60.8,3,29.5,21,33236
22/08/2014,60.8,3,29.5,21,34047
23/08/2014,60.8,3,29.5,21,29999
24/08/2014,60.8,3,29.5,21,30962
25/08/2014,60.8,3,29.5,21,6175
26/08/2014,60.8,3,29.5,21,18448
27/08/2014,60.8,3,29.5,21,32286
28/08/2014,60.8,3,29.5,21,31842
29/08/2014,60.8,3,29.5,21,32439
30/08/2014,60.8,3,29.5,21,30832
31/08/2014,60.8,3,29.5,21,33312
1/9/2014,94.1,5.5,21.1,19,27455
2/9/2014,94.1,5.5,21.1,19,36836
3/9/2014,94.1,5.5,21.1,19,36523
4/9/2014,94.1,5.5,21.1,19,35448
5/9/2014,94.1,5.5,21.1,19,35013
6/9/2014,94.1,5.5,21.1,19,33434
7/9/2014,94.1,5.5,21.1,19,34248
8/9/2014,94.1,5.5,21.1,19,36983
9/9/2014,94.1,5.5,21.1,19,37674
10/9/2014,94.1,5.5,21.1,19,37091
11/9/2014,94.1,5.5,21.1,19,35303
12/9/2014,94.1,5.5,21.1,19,37144
13/09/2014,94.1,5.5,21.1,19,34174
14/09/2014,94.1,5.5,21.1,19,31770
15/09/2014,94.1,5.5,21.1,19,36629
16/09/2014,94.1,5.5,21.1,19,37535
17/09/2014,94.1,5.5,21.1,19,38583
18/09/2014,94.1,5.5,21.1,19,38442
19/09/2014,94.1,5.5,21.1,19,36841
20/09/2014,94.1,5.5,21.1,19,31031
21/09/2014,94.1,5.5,21.1,19,33334
22/09/2014,94.1,5.5,21.1,19,35178
23/09/2014,94.1,5.5,21.1,19,36460
24/09/2014,94.1,5.5,21.1,19,32680
25/09/2014,94.1,5.5,21.1,19,35367
26/09/2014,94.1,5.5,21.1,19,35474
27/09/2014,94.1,5.5,21.1,19,35087
28/09/2014,94.1,5.5,21.1,19,37873
29/09/2014,94.1,5.5,21.1,19,31701
30/09/2014,94.1,5.5,21.1,19,37373
1/10/2014,103.2,3.5,20.3,18,32733
2/10/2014,103.2,3.5,20.3,18,36992
3/10/2014,103.2,3.5,20.3,18,37909
4/10/2014,103.2,3.5,20.3,18,18967
5/10/2014,103.2,3.5,20.3,18,33082
6/10/2014,103.2,3.5,20.3,18,24330
7/10/2014,103.2,3.5,20.3,18,31465
8/10/2014,103.2,3.5,20.3,18,23573
9/10/2014,103.2,3.5,20.3,18,26642
10/10/2014,103.2,3.5,20.3,18,32510
11/10/2014,103.2,3.5,20.3,18,30498
12/10/2014,103.2,3.5,20.3,18,23063
13/10/2014,103.2,3.5,20.3,18,13299
14/10/2014,103.2,3.5,20.3,18,28518
15/10/2014,103.2,3.5,20.3,18,25424
16/10/2014,103.2,3.5,20.3,18,31541
17/10/2014,103.2,3.5,20.3,18,32770
18/10/2014,103.2,3.5,20.3,18,28951
19/10/2014,103.2,3.5,20.3,18,30480
20/10/2014,103.2,3.5,20.3,18,31642
21/10/2014,103.2,3.5,20.3,18,24681
22/10/2014,103.2,3.5,20.3,18,30642
23/10/2014,103.2,3.5,20.3,18,31277
24/10/2014,103.2,3.5,20.3,18,29144
25/10/2014,103.2,3.5,20.3,18,30053
26/10/2014,103.2,3.5,20.3,18,26514
27/10/2014,103.2,3.5,20.3,18,33716
28/10/2014,103.2,3.5,20.3,18,35320
29/10/2014,103.2,3.5,20.3,18,23281
30/10/2014,103.2,3.5,20.3,18,32503
31/10/2014,103.2,3.5,20.3,18,36478
1/11/2014,147.4,3.3,13.6,16,31912
2/11/2014,147.4,3.3,13.6,16,15887
3/11/2014,147.4,3.3,13.6,16,22347
4/11/2014,147.4,3.3,13.6,16,23525
5/11/2014,147.4,3.3,13.6,16,27970
6/11/2014,147.4,3.3,13.6,16,28274
7/11/2014,147.4,3.3,13.6,16,26779
8/11/2014,147.4,3.3,13.6,16,17473
9/11/2014,147.4,3.3,13.6,16,24099
10/11/2014,147.4,3.3,13.6,16,28303
11/11/2014,147.4,3.3,13.6,16,28993
12/11/2014,147.4,3.3,13.6,16,24878
13/11/2014,147.4,3.3,13.6,16,27839
14/11/2014,147.4,3.3,13.6,16,21442
15/11/2014,147.4,3.3,13.6,16,22842
16/11/2014,147.4,3.3,13.6,16,17849
17/11/2014,147.4,3.3,13.6,16,21398
18/11/2014,147.4,3.3,13.6,16,26094
19/11/2014,147.4,3.3,13.6,16,28807
20/11/2014,147.4,3.3,13.6,16,29068
21/11/2014,147.4,3.3,13.6,16,24070
22/11/2014,147.4,3.3,13.6,16,18347
23/11/2014,147.4,3.3,13.6,16,6030
24/11/2014,147.4,3.3,13.6,16,25884
25/11/2014,147.4,3.3,13.6,16,24359
26/11/2014,147.4,3.3,13.6,16,23096
27/11/2014,147.4,3.3,13.6,16,26765
28/11/2014,147.4,3.3,13.6,16,26782
29/11/2014,147.4,3.3,13.6,16,24337
30/11/2014,147.4,3.3,13.6,16,19998
1/12/2014,110,2.7,24.4,18,24983
2/12/2014,110,2.7,24.4,18,21614
3/12/2014,110,2.7,24.4,18,25376
4/12/2014,110,2.7,24.4,18,19993
5/12/2014,110,2.7,24.4,18,22939
6/12/2014,110,2.7,24.4,18,17431
7/12/2014,110,2.7,24.4,18,12789
8/12/2014,110,2.7,24.4,18,23519
9/12/2014,110,2.7,24.4,18,23925
10/12/2014,110,2.7,24.4,18,25028
11/12/2014,110,2.7,24.4,18,23028
12/12/2014,110,2.7,24.4,18,20436
13/12/2014,110,2.7,24.4,18,18255
14/12/2014,110,2.7,24.4,18,14441
15/12/2014,110,2.7,24.4,18,22940
16/12/2014,110,2.7,24.4,18,23087
17/12/2014,110,2.7,24.4,18,22120
18/12/2014,110,2.7,24.4,18,23196
19/12/2014,110,2.7,24.4,18,21966
20/12/2014,110,2.7,24.4,18,14690
21/12/2014,110,2.7,24.4,18,11802
22/12/2014,110,2.7,24.4,18,18552
23/12/2014,110,2.7,24.4,18,16551
24/12/2014,110,2.7,24.4,18,10385
25/12/2014,110,2.7,24.4,18,39145
26/12/2014,110,2.7,24.4,18,7678
27/12/2014,110,2.7,24.4,18,6349
28/12/2014,110,2.7,24.4,18,9293
29/12/2014,110,2.7,24.4,18,12411
30/12/2014,110,2.7,24.4,18,13120
31/12/2014,110,2.7,24.4,18,12811
